"","colonia","pobtotn","p_60ymasn","p_65_masn","p_15ymasn","pob_014n","pob15_64n","pob65_masn","ienv","pob15a59","apoypot","pobmen15","indepdem","reladep"
"1","Alamedas",7044,1118,581,5486,1513,4881,581,0.372913992297818,4368,3.90697674418605,1513,0.429010448678549,0.255952380952381
