"","colonia","pobtotn","p_60ymasn","p_65_masn","p_15ymasn","pob_014n","pob15_64n","pob65_masn","ienv","pob15a59","apoypot","pobmen15","indepdem","reladep"
"1","Carolinas",5694,773,515,4203,1358,3688,515,0.345405767940979,3430,4.4372574385511,1358,0.507863340563991,0.22536443148688
