"","colonia","pobtotn","p_60ymasn","p_65_masn","p_15ymasn","pob_014n","pob15_64n","pob65_masn","ienv","pob15a59","apoypot","pobmen15","indepdem","reladep"
"1","El Arenal",1420,199,148,1035,379,885,148,0.384415584415584,836,4.20100502512563,379,0.595480225988701,0.238038277511962
